Question,Response
How can I sign up for online banking?,"You can enroll in online banking on our website, and we'll guide you through the process."
What are the daily limits for mobile check deposits?,"Mobile deposit limits can vary by account, and you can find them in your mobile banking app."
 Can I set up recurring transfers between my accounts?,"Yes, you can schedule recurring transfers to automate your savings or payments."
How do I order a replacement debit/credit card?,Contact our customer service to request a replacement card if yours is lost or damaged.
What are the fees associated with international transactions?,"Fees for international transactions can vary, so it's best to check our fee schedule."
Are there any retirement savings plans offered by the bank?,"Yes, we offer Individual Retirement Accounts (IRAs) and other retirement savings options."
Can I open a joint account with someone else?,"Joint accounts are available, and both parties must visit a branch to open the account."
How can I apply for a business loan or line of credit?,Business loan applications can be submitted online or through our business banking department.
What's the process for reporting fraudulent activity on my account?,Contact our fraud department immediately to report any unauthorized transactions.
Do you offer financial planning services or investment advice?,We provide financial planning services and access to investment advisors to help you reach your financial goals.
Can I set up automatic transfers to my savings account?,"Yes, you can automate transfers from your checking to savings to help you save regularly."
"How do I change my contact information (address, phone number) with the bank?",You can update your contact information through online banking or by visiting a branch.
Are there any discounts for using electronic statements instead of paper ones?,"Yes, you can opt for electronic statements and receive discounts or incentives."
"Can I access my account through other countries' ATMs, and what are the fees?","Yes, you can use international ATMs, but fees vary, so please check our fee schedule."
"Is there a mobile check deposit app, and how do I get it?","Yes, we have a mobile app for check deposits; you can download it from your app store."
"Can I get a credit limit increase on my credit card, and how?",Contact our credit department to inquire about a credit limit increase and its requirements.
Do you offer financial education resources for customers?,"Yes, we have online resources and financial workshops to help you improve your financial literacy."
What's the process for closing a bank account?,"To close an account, visit a branch or contact our customer service for guidance on the process."
Can I set up text alerts for account activity?,"Yes, you can configure text alerts to receive notifications about your account transactions."
How can I access my account if I forget my online banking password?,You can reset your password through the online banking login page or by contacting our support team.
What types of accounts does the bank offer?,"We offer savings, checking, and various types of deposit and investment accounts."
How can I open a new bank account?,You can open an account online or visit one of our branches with the required documents.
What are the interest rates on savings accounts?,"Interest rates vary, and you can find current rates on our website or by contacting us."
"Is mobile banking available, and how does it work?","Yes, we have a mobile app for easy access to your accounts and transactions."
Can I transfer money to other banks from my account?,"Yes, you can use online banking or visit a branch to initiate transfers."
Are there fees for using ATMs outside the bank's network?,"Yes, fees may apply, but we have a network of fee-free ATMs for your convenience."
What is the daily withdrawal limit on ATMs?,The withdrawal limit varies by account type and can be checked in your account information.
Can I set up automatic bill payments from my account?,"Yes, we offer bill pay services for your convenience."
Do you provide overdraft protection for checking accounts?,"Yes, you can opt for overdraft protection to prevent overdrawing your account."
Are there any discounts or rewards for credit card holders?,We offer various credit card options with rewards and benefits.
How can I apply for a personal loan or mortgage?,Loan applications can be submitted online or in person at a branch.
What are the current mortgage interest rates?,"Interest rates for mortgages fluctuate, so please check our website or contact us for the latest rates."
Do you have safe deposit boxes available for rent?,"Yes, we offer safe deposit boxes to secure your valuable belongings."
Can I set up alerts for account activity or low balances?,"Yes, you can receive email or text alerts to monitor your account."
Is online customer support available 24/7?,Our online chat support is available around the clock for your convenience.
How can I order checks for my checking account?,You can order checks through online banking or by contacting customer service.
Are there any special programs for students or senior citizens?,"Yes, we have special account types and services tailored to students and seniors."
Can I make international wire transfers from my account?,"Yes, international wire transfers are available, but fees and documentation may apply."
What security measures are in place to protect my account?,We use advanced encryption and multi-factor authentication to safeguard your account.
How can I report a lost or stolen debit/credit card?,"In case of a lost or stolen card, contact our 24/7 customer service hotline immediately."
